company,ssn,residence,current_location,blood_group,website,username,sex,address,mail
Gray LLC,223-99-3655,"27643 Ryan Club Apt. 888
Nicoleport, OR 16083","(Decimal('64.455186'), Decimal('107.437808'))",O-,"['http://carrillo.com/', 'https://mathews-smith.com/']",dscott,F,"1370 Catherine Views Suite 683
Robertsside, FM 19359",vlopez@hotmail.com
Williamson-Lewis,641-79-1225,"7537 Rachel Gardens
Mcintoshland, FM 80482","(Decimal('-86.867721'), Decimal('94.384896'))",AB-,"['https://rice.com/', 'https://www.richardson.com/', 'https://www.conner.com/']",james35,F,"245 Gallegos Fort Suite 495
Coxport, OK 35574",keithpadilla@hotmail.com
Morrison PLC,634-28-6871,"99843 Brady Center
East Michael, MI 77722","(Decimal('69.5717835'), Decimal('-55.535335'))",B+,"['https://holmes.com/', 'http://faulkner.biz/']",wilsonjanet,M,"485 Rogers Street
Kathrynton, AL 34599",anna54@hotmail.com
Calderon Ltd,274-35-8572,"126 Sexton Rest
Samanthashire, NV 37396","(Decimal('-9.4796625'), Decimal('-47.072294'))",AB-,"['http://www.stewart.com/', 'https://jones-kennedy.biz/', 'https://leach-maldonado.org/']",atkinsondrew,F,"96447 Chang Isle
Franklinberg, PA 93069",benjaminramirez@gmail.com
"Morgan, Burton and Spencer",527-89-7858,"506 Faulkner Haven
Rodriguezton, TN 46569","(Decimal('-35.710518'), Decimal('-39.993324'))",B-,"['https://www.stephens.com/', 'https://dean.com/', 'http://www.rivera-jackson.com/', 'https://www.williams-jenkins.info/']",brian65,F,"PSC 6548, Box 1742
APO AA 42746",abigailthompson@hotmail.com
"Manning, Sheppard and Ramsey",217-54-0974,"18175 Bennett Mission
North Jacob, DE 22771","(Decimal('-40.303359'), Decimal('-62.740804'))",A+,['http://woods-brown.net/'],krogers,M,"788 Terrell Bypass
Jamesmouth, PW 07790",steeleapril@gmail.com
Ward-Brown,010-66-8890,"9971 Patrick Turnpike Suite 094
Carrollfort, IL 39479","(Decimal('-85.722154'), Decimal('-126.584285'))",B-,"['http://www.luna-henderson.com/', 'https://baird-sims.info/', 'https://allen.com/']",anthony81,F,"642 Tiffany Grove
Crystalshire, MT 75174",masonjessica@hotmail.com
Davis and Sons,151-55-0342,"837 Kristina Grove Suite 890
Grahammouth, SC 47882","(Decimal('75.7783855'), Decimal('136.026762'))",AB+,['http://hobbs.org/'],davidharris,F,"48140 Thomas Ways
Port Karenton, KS 76783",donaldanderson@hotmail.com
Ramsey-Smith,386-45-7054,"915 Bradley Mill
Shermanhaven, VT 75558","(Decimal('0.8038425'), Decimal('150.096818'))",B-,['http://www.johnson.com/'],bburke,F,"PSC 0242, Box 0441
APO AE 05289",thomasrachel@hotmail.com
"Bryan, Edwards and Kim",264-74-2886,"5439 Melissa Crescent Apt. 897
West Lauramouth, CT 84313","(Decimal('-76.002282'), Decimal('-99.180072'))",A+,['https://www.lopez.com/'],josephtyrone,F,"57488 Ramirez Path Apt. 012
Herrerahaven, FM 65229",wbray@hotmail.com
